iteration,accuracy,total_samples,average_acc,standard_deviation
0,0.651260504202,1428,0.6512605042016807,0.0
1,0.653974615898,1497,0.6526175600500721,0.001357055848391464
