iteration,accuracy,total_samples,average_acc,standard_deviation
0,0.651196519217,1379,0.6511965192168238,0.0
1,0.655102040816,1470,0.6531492800165751,0.001952760799751374
