iteration,accuracy,total_samples,average_acc,standard_deviation
0,0.565066109951,1437,0.5650661099512874,0.0
1,0.560991957105,1492,0.5630290335279224,0.0020370764233648697
