iteration,accuracy,total_samples,average_acc,standard_deviation
0,0.535099337748,1510,0.5350993377483444,0.0
1,0.52027027027,1480,0.5276848040093074,0.007414533739037055
