iteration,accuracy,total_samples,average_acc,standard_deviation
0,0.564926372155,1494,0.5649263721552878,0.0
1,0.560132890365,1505,0.5625296312603683,0.0023967408949196467
