iteration,accuracy,total_samples,average_acc,standard_deviation
0,0.527480371163,1401,0.5274803711634547,0.0
1,0.556451612903,1488,0.5419659920333402,0.01448562086988553
