iteration,accuracy,total_samples,average_acc,standard_deviation
0,0.53964023984,1501,0.5396402398401066,0.0
1,0.532608695652,1472,0.5361244677461403,0.0035157720939663073
