iteration,accuracy,total_samples,average_acc,standard_deviation
0,0.241316270567,1094,0.2413162705667276,0.0
1,0.292504570384,1094,0.26691042047531993,0.025594149908592323
