iteration,accuracy,total_samples,average_acc,standard_deviation
0,0.5507733692,1487,0.550773369199731,0.0
1,0.549635036496,1370,0.5502042028480407,0.0005691663516902978
