iteration,accuracy,total_samples,average_acc,standard_deviation
0,0.644504748982,1474,0.6445047489823609,0.0
1,0.647689216343,1493,0.6460969826626473,0.0015922336802863812
