iteration,accuracy,total_samples,average_acc,standard_deviation
0,0.306845003934,1271,0.3068450039339103,0.0
1,0.262785208497,1271,0.28481510621557826,0.022029897718332025
