iteration,accuracy,total_samples,average_acc,standard_deviation
0,0.608098336949,1383,0.6080983369486623,0.0
1,0.592253521127,1420,0.6001759290377114,0.00792240791095089
