iteration,accuracy,total_samples,average_acc,standard_deviation
0,0.629604822505,1493,0.6296048225050235,0.0
1,0.639103013315,1427,0.6343539179098348,0.004749095404811332
