iteration,accuracy,total_samples,average_acc,standard_deviation
0,0.6369168357,1479,0.6369168356997972,0.0
1,0.631615598886,1436,0.6342662172927955,0.002650618407001648
