iteration,accuracy,total_samples,average_acc,standard_deviation
0,0.632055749129,1435,0.6320557491289198,0.0
1,0.668296089385,1432,0.6501759192571974,0.018120170128277546
