iteration,accuracy,total_samples,average_acc,standard_deviation
0,0.668067226891,1428,0.6680672268907563,0.0
1,0.642033898305,1475,0.6550505625979205,0.013016664292835767
