iteration,accuracy,total_samples,average_acc,standard_deviation
0,0.656727272727,1375,0.6567272727272727,0.0
1,0.60433604336,1476,0.6305316580438531,0.026195614683419577
