iteration,accuracy,total_samples,average_acc,standard_deviation
0,0.58486562942,1414,0.5848656294200849,0.0
1,0.576869806094,1444,0.5808677177571339,0.003997911662951048
