iteration,accuracy,total_samples,average_acc,standard_deviation
0,0.53895184136,1412,0.5389518413597734,0.0
1,0.535395189003,1455,0.5371735151816048,0.0017783261781684767
