iteration,mse,total_samples,average_mse,standard_deviation
0,[0.9322061],1407,0.9322060942649841,0.0
1,[0.86047345],1469,0.8963397741317749,0.03586632013320923
