iteration,mse,total_samples,average_mse,standard_deviation
0,[0.95164424],1428,0.951644241809845,0.0
1,[0.8691711],1450,0.9104076623916626,0.04123657941818237
