iteration,accuracy,total_samples,average_acc,standard_deviation
0,0.53583855254,1437,0.5358385525400139,0.0
1,0.519811954332,1489,0.52782525343589,0.008013299104123794
