iteration,mse,total_samples,average_mse,standard_deviation
0,[0.8942863],1438,0.8942862749099731,0.0
1,[0.87376255],1465,0.8840244114398956,0.010261863470077515
