iteration,accuracy,total_samples,average_acc,standard_deviation
0,0.527397260274,1460,0.5273972602739726,0.0
1,0.533471359558,1449,0.5304343099161444,0.0030370496421717186
