iteration,accuracy,total_samples,average_acc,standard_deviation
0,0.524373259053,1436,0.5243732590529248,0.0
1,0.54141815772,1509,0.5328957083866347,0.008522449333709936
