iteration,accuracy,total_samples,average_acc,standard_deviation
0,0.63769123783,1438,0.6376912378303199,0.0
1,0.650200267023,1498,0.6439457524265084,0.006254514596188532
