iteration,accuracy,total_samples,average_acc,standard_deviation
0,0.66711409396,1490,0.6671140939597315,0.0
1,0.663316582915,1393,0.6652153384371522,0.0018987555225793429
