iteration,accuracy,total_samples,average_acc,standard_deviation
0,0.592831541219,1395,0.592831541218638,0.0
1,0.573079537729,1471,0.5829555394740369,0.009876001744601126
