iteration,accuracy,total_samples,average_acc,standard_deviation
0,0.558886509636,1401,0.5588865096359743,0.0
1,0.565886287625,1495,0.5623863986306962,0.003499888994721867
