iteration,accuracy,total_samples,average_acc,standard_deviation
0,0.399196787149,1245,0.39919678714859436,0.0
1,0.337137840211,1139,0.3681673136796527,0.03102947346894161
