iteration,accuracy,total_samples,average_acc,standard_deviation
0,0.558310991957,1492,0.5583109919571045,0.0
1,0.542953020134,1490,0.5506320060456664,0.007678985911438174
