iteration,accuracy,total_samples,average_acc,standard_deviation
0,0.613123718387,1463,0.6131237183868763,0.0
1,0.593444909344,1434,0.6032843138656836,0.009839404521192696
