iteration,accuracy,total_samples,average_acc,standard_deviation
0,0.576271186441,1475,0.576271186440678,0.0
1,0.570824524313,1419,0.5735478553767872,0.002723331063890777
