iteration,accuracy,total_samples,average_acc,standard_deviation
0,0.568055555556,1440,0.5680555555555555,0.0
1,0.558783783784,1480,0.5634196696696696,0.004635885885885871
