iteration,accuracy,total_samples,average_acc,standard_deviation
0,0.592043155765,1483,0.5920431557653405,0.0
1,0.567694369973,1492,0.5798687628692654,0.012174392896075081
