iteration,accuracy,total_samples,average_acc,standard_deviation
0,0.573747353564,1417,0.5737473535638673,0.0
1,0.588957055215,1467,0.5813522043892956,0.007604850825428333
