iteration,accuracy,total_samples,average_acc,standard_deviation
0,0.596115204287,1493,0.5961152042866711,0.0
1,0.535738597686,1469,0.5659269009860857,0.030188303300585362
